student_uid,college_code,dept_code,name,email,batch_year,current_year,current_semester,attendance_rate,avg_internal,cgpa,backlog_count,fee_status,normalized_engagement,scholarship_status
3142761456,COL-011,EEE,Rahul Reddy,rahul.reddy7454@mwpu.edu.in,2025,1,2,93,81,8.85,0,paid,0.91,yes
3075408224,COL-014,ECE,Kavya Rajput,kavya.rajput8217@dscoe.edu.in,2023,3,5,75,68,6.86,2,paid,0.51,no
2191906541,COL-013,IT,Shruti Pandey,shruti.pandey3546@mriot.edu.in,2022,4,7,70,61,8.04,0,paid,0.61,no
7698752406,COL-004,CSE,Atharva Banerjee,atharva.banerjee684@pu.edu.in,2022,4,8,78,78,6.91,2,paid,0.65,no
1034296634,COL-008,ECE,Riya Tiwari,riya.tiwari6042@ku.edu.in,2025,1,1,95,82,9,0,paid,0.86,no
8189198251,COL-001,MECH,Rahul Rajput,rahul.rajput6706@vit.ac.in,2025,1,1,44,39,5.9,1,unpaid,0.4,no
1531730135,COL-003,ECE,Aditya Banerjee,aditya.banerjee5242@miot.edu.in,2023,3,5,47,59,5.7,4,paid,0.37,no
2477831174,COL-002,EEE,Anjali Menon,anjali.menon5662@srmist.edu.in,2023,3,5,79,68,7.28,2,paid,0.74,no
8387179598,COL-006,CIVIL,Aditya Mehta,aditya.mehta3537@bcoe.edu.in,2025,1,1,79,72,8.4,2,delayed,0.54,no
2200597482,COL-016,CSE,Rohan Rajput,rohan.rajput2089@hiot.edu.in,2025,1,2,70,78,7.72,0,paid,0.56,no
9011910638,COL-006,IT,Sneha Mishra,sneha.mishra8353@bcoe.edu.in,2022,4,8,66,78,7.32,2,paid,0.65,no
1661279994,COL-005,CIVIL,Neha Bose,neha.bose7119@rcoe.edu.in,2025,1,2,45,44,6.21,1,paid,0.26,no
7648488203,COL-002,ECE,Reyansh Banerjee,reyansh.banerjee6888@srmist.edu.in,2024,2,4,93,86,9.1,0,paid,0.89,no
5550468128,COL-002,MECH,Karthik Mehta,karthik.mehta2228@srmist.edu.in,2023,3,6,87,86,9.71,0,paid,0.91,no
7234158153,COL-001,CSE,Vivek Mishra,vivek.mishra7630@vit.ac.in,2023,3,5,100,90,9.09,0,paid,0.92,yes
3784185414,COL-016,CSE,Abhinav Pandey,abhinav.pandey2546@hiot.edu.in,2024,2,3,87,80,9.54,0,paid,0.95,no
8105718315,COL-008,ECE,Shreya Das,shreya.das4257@ku.edu.in,2022,4,8,65,74,7.16,2,paid,0.5,no
4963782580,COL-016,MECH,Vijay Bose,vijay.bose5657@hiot.edu.in,2023,3,5,77,66,7.95,1,paid,0.75,no
8412617555,COL-008,ECE,Yash Pandey,yash.pandey7288@ku.edu.in,2024,2,3,89,85,8.9,0,paid,0.95,no
1883075270,COL-016,ECE,Sai Mishra,sai.mishra7791@hiot.edu.in,2025,1,2,75,70,7.68,0,paid,0.54,no
5179702244,COL-010,CSE,Krishna Tiwari,krishna.tiwari7312@lpu.edu.in,2025,1,1,100,93,8.82,0,paid,0.93,no
2458781715,COL-007,ECE,Aryan Chaudhary,aryan.chaudhary3120@tioeat.edu.in,2024,2,3,55,42,5.53,4,delayed,0.28,no
2243391913,COL-004,CSE,Ramesh Patil,ramesh.patil3456@pu.edu.in,2024,2,3,79,74,7.22,2,paid,0.55,no
4181027750,COL-007,EEE,Kabir Sharma,kabir.sharma5644@tioeat.edu.in,2024,2,3,70,74,6.88,2,delayed,0.63,no
8044244067,COL-001,IT,Krishna Chauhan,krishna.chauhan7995@vit.ac.in,2022,4,8,65,79,7.37,0,paid,0.56,no
8494083980,COL-011,CSE,Mukesh Kumar,mukesh.kumar8997@mwpu.edu.in,2022,4,8,69,73,7.56,0,paid,0.51,no
7123435095,COL-015,EEE,Pooja Yadav,pooja.yadav6367@djscoe.edu.in,2023,3,5,98,86,9.2,0,paid,0.87,no
6606612064,COL-002,IT,Ishaan Rajput,ishaan.rajput7110@srmist.edu.in,2025,1,2,73,69,6.93,1,paid,0.56,no
5124175684,COL-006,MECH,Priya Patel,priya.patel2238@bcoe.edu.in,2023,3,6,51,54,6.06,3,unpaid,0.26,no
6610693524,COL-008,IT,Aditya Kumar,aditya.kumar2838@ku.edu.in,2025,1,2,92,82,9.49,0,paid,1,no
9831306823,COL-008,IT,Aditya Kulkarni,aditya.kulkarni822@ku.edu.in,2024,2,3,100,90,8.52,0,paid,0.91,yes
1976588293,COL-001,IT,Shaurya Jain,shaurya.jain4935@vit.ac.in,2024,2,4,96,94,9.02,0,paid,0.96,no
6456925283,COL-015,MECH,Neha Pandey,neha.pandey2120@djscoe.edu.in,2025,1,1,99,90,9.45,0,paid,0.89,yes
3677734046,COL-001,EEE,Nidhi Mishra,nidhi.mishra5653@vit.ac.in,2022,4,8,86,80,9.23,0,paid,0.91,yes
4498834199,COL-007,MECH,Reyansh Jain,reyansh.jain2382@tioeat.edu.in,2023,3,5,72,72,7.93,1,paid,0.64,no
6393935100,COL-002,EEE,Amit Pandey,amit.pandey954@srmist.edu.in,2024,2,4,70,72,8.17,2,paid,0.77,no
9321639866,COL-011,MECH,Shruti Menon,shruti.menon3726@mwpu.edu.in,2025,1,2,81,69,6.96,2,paid,0.59,no
2090956258,COL-012,CIVIL,Vikas Mukherjee,vikas.mukherjee8674@niot.edu.in,2025,1,2,78,62,8.43,0,paid,0.73,no
7913368604,COL-014,ECE,Swati Chauhan,swati.chauhan5631@dscoe.edu.in,2025,1,1,75,74,7.12,0,paid,0.69,no
4465624020,COL-003,CSE,Aditya Rao,aditya.rao9029@miot.edu.in,2023,3,5,54,42,4.13,2,unpaid,0.24,no
5213271401,COL-006,MECH,Khushi Sharma,khushi.sharma9307@bcoe.edu.in,2023,3,6,54,53,5.76,1,delayed,0.16,no
7085540504,COL-012,IT,Manish Sharma,manish.sharma6046@niot.edu.in,2022,4,8,60,35,5.75,2,delayed,0.47,no
1631318842,COL-015,EEE,Sonam Chatterjee,sonam.chatterjee6027@djscoe.edu.in,2025,1,2,63,46,4.63,2,unpaid,0.31,no
8572335016,COL-011,MECH,Prakash Kumar,prakash.kumar6129@mwpu.edu.in,2025,1,2,87,88,8.86,0,paid,0.86,no
7093066486,COL-001,MECH,Yash Das,yash.das680@vit.ac.in,2025,1,2,68,73,7.6,1,paid,0.69,no
8861134566,COL-014,CIVIL,Aditya Iyer,aditya.iyer8732@dscoe.edu.in,2022,4,7,88,91,9.6,0,paid,0.9,no
2597385096,COL-010,MECH,Sneha Pandey,sneha.pandey1448@lpu.edu.in,2024,2,4,74,65,7.35,1,delayed,0.62,no
1794189951,COL-007,MECH,Ramesh Kumar,ramesh.kumar6513@tioeat.edu.in,2024,2,4,73,66,7.96,0,paid,0.54,no
2398009264,COL-012,EEE,Aditi Mehta,aditi.mehta9556@niot.edu.in,2024,2,3,69,69,8.29,0,paid,0.64,no
6455000048,COL-015,CIVIL,Kiran Verma,kiran.verma8337@djscoe.edu.in,2022,4,8,96,86,9.15,0,paid,0.96,no
5599931739,COL-013,CSE,Ananya Verma,ananya.verma5385@mriot.edu.in,2025,1,1,96,97,8.64,0,paid,0.81,no
9780896869,COL-015,EEE,Priya Mishra,priya.mishra1814@djscoe.edu.in,2022,4,7,68,75,7.56,2,paid,0.76,no
8563809188,COL-015,CIVIL,Vikas Rajput,vikas.rajput448@djscoe.edu.in,2022,4,7,67,75,8.16,1,paid,0.52,no
5321580822,COL-006,CIVIL,Vikas Tiwari,vikas.tiwari8762@bcoe.edu.in,2022,4,8,94,85,9.56,0,paid,0.97,no
8052987508,COL-016,ECE,Ananya Kulkarni,ananya.kulkarni3997@hiot.edu.in,2024,2,3,66,68,6.75,1,paid,0.78,no
6421521223,COL-013,CIVIL,Manish Kulkarni,manish.kulkarni1002@mriot.edu.in,2024,2,3,71,74,7.58,0,paid,0.6,no
2559157683,COL-012,IT,Dev Sengupta,dev.sengupta3103@niot.edu.in,2025,1,2,69,68,7.97,1,paid,0.66,no
5864572730,COL-004,CIVIL,Vikas Patel,vikas.patel8900@pu.edu.in,2024,2,4,84,69,8.35,2,paid,0.64,no
9395383930,COL-003,MECH,Ramesh Menon,ramesh.menon115@miot.edu.in,2025,1,2,65,67,6.86,0,delayed,0.66,no
5632481724,COL-007,IT,Sumit Tiwari,sumit.tiwari108@tioeat.edu.in,2022,4,8,66,71,7.48,2,delayed,0.77,no
1294363942,COL-001,ECE,Anjali Joshi,anjali.joshi412@vit.ac.in,2022,4,7,96,96,8.7,0,paid,0.89,yes
7168769426,COL-007,IT,Aarti Mukherjee,aarti.mukherjee7990@tioeat.edu.in,2022,4,8,64,52,6.35,2,unpaid,0.15,no
5620110532,COL-011,CSE,Priya Shah,priya.shah4116@mwpu.edu.in,2025,1,1,100,93,9.6,0,paid,0.95,no
7302456018,COL-007,IT,Ritik Shah,ritik.shah898@tioeat.edu.in,2023,3,6,78,60,6.94,1,paid,0.55,no
6409643188,COL-001,EEE,Ayaan Joshi,ayaan.joshi7658@vit.ac.in,2023,3,5,90,91,9.09,0,paid,0.87,no
1172489519,COL-008,IT,Sanjay Pandey,sanjay.pandey1122@ku.edu.in,2025,1,1,54,42,4.34,3,unpaid,0.34,no
3168352576,COL-002,MECH,Prakash Chaudhary,prakash.chaudhary8494@srmist.edu.in,2024,2,4,92,94,9.78,0,paid,0.88,yes
2827642492,COL-007,IT,Atharva Patel,atharva.patel4171@tioeat.edu.in,2023,3,6,74,64,6.67,1,paid,0.55,no
5024952288,COL-002,ECE,Mukesh Chaudhary,mukesh.chaudhary2639@srmist.edu.in,2022,4,8,80,68,7.52,2,delayed,0.52,no
2134052843,COL-007,CIVIL,Shruti Shah,shruti.shah8355@tioeat.edu.in,2025,1,2,72,79,6.56,0,delayed,0.61,no
4958600172,COL-011,MECH,Prakash Menon,prakash.menon9229@mwpu.edu.in,2025,1,2,96,91,8.98,0,paid,0.8,yes
8786321749,COL-005,EEE,Abhishek Kumar,abhishek.kumar8350@rcoe.edu.in,2025,1,2,72,66,8.47,1,paid,0.57,no
9324242392,COL-002,MECH,Rohan Pandey,rohan.pandey3894@srmist.edu.in,2023,3,6,65,78,7.3,1,paid,0.55,no
9505286721,COL-006,CIVIL,Vivaan Singh,vivaan.singh383@bcoe.edu.in,2025,1,1,65,73,6.53,1,paid,0.6,no
3883232178,COL-016,IT,Sumit Jain,sumit.jain2780@hiot.edu.in,2022,4,7,95,100,9.23,0,paid,0.99,yes
2995862669,COL-012,CIVIL,Kiran Patel,kiran.patel7871@niot.edu.in,2025,1,2,86,83,8.58,0,paid,0.86,no
9402729078,COL-007,MECH,Manoj Das,manoj.das7256@tioeat.edu.in,2024,2,3,78,67,7.15,1,paid,0.6,no
6101757899,COL-014,IT,Neha Desai,neha.desai6704@dscoe.edu.in,2023,3,5,54,39,5.18,3,unpaid,0.46,no
4670486397,COL-007,EEE,Vivek Kulkarni,vivek.kulkarni3311@tioeat.edu.in,2024,2,4,100,84,9.06,0,paid,0.98,yes
7254484923,COL-013,IT,Shruti Patel,shruti.patel9483@mriot.edu.in,2023,3,6,84,77,8.05,1,paid,0.64,no
6768301476,COL-013,ECE,Aaryan Thakur,aaryan.thakur6834@mriot.edu.in,2023,3,6,45,41,4.3,2,unpaid,0.19,no
1596920131,COL-015,IT,Amit Deshmukh,amit.deshmukh8031@djscoe.edu.in,2023,3,6,85,81,9.34,0,paid,0.93,yes
6227823003,COL-012,ECE,Sonam Chauhan,sonam.chauhan6007@niot.edu.in,2024,2,4,82,77,8.17,2,delayed,0.78,no
3902038959,COL-008,ECE,Mukesh Verma,mukesh.verma1991@ku.edu.in,2022,4,7,72,72,7.73,0,paid,0.73,no
5022886570,COL-010,IT,Neha Mehta,neha.mehta6768@lpu.edu.in,2024,2,3,100,98,8.75,0,paid,0.82,yes
1981389462,COL-007,CSE,Sneha Chauhan,sneha.chauhan2353@tioeat.edu.in,2023,3,6,70,67,7.86,1,delayed,0.77,no
7185222941,COL-013,IT,Sonia Menon,sonia.menon3627@mriot.edu.in,2025,1,1,70,67,8.37,0,paid,0.5,no
8230621182,COL-016,IT,Aaryan Mukherjee,aaryan.mukherjee4659@hiot.edu.in,2023,3,6,80,76,7.04,2,paid,0.52,no
2164237147,COL-002,IT,Dev Nair,dev.nair7933@srmist.edu.in,2023,3,5,99,92,9.46,0,paid,0.89,yes
2258366246,COL-004,CSE,Pranav Sharma,pranav.sharma7471@pu.edu.in,2024,2,3,89,86,8.76,0,paid,0.93,no
8455330706,COL-012,CSE,Manish Iyer,manish.iyer3594@niot.edu.in,2025,1,1,70,63,7.32,1,paid,0.68,no
4038734438,COL-003,CIVIL,Vivek Banerjee,vivek.banerjee1780@miot.edu.in,2025,1,1,51,54,5.68,2,paid,0.31,no
3898772744,COL-011,ECE,Aditya Sharma,aditya.sharma8446@mwpu.edu.in,2023,3,5,73,62,6.51,2,paid,0.74,no
4993328120,COL-006,CSE,Sonam Banerjee,sonam.banerjee6328@bcoe.edu.in,2022,4,8,73,60,7.56,1,delayed,0.73,no
7307761287,COL-002,CSE,Kabir Kumar,kabir.kumar8411@srmist.edu.in,2022,4,7,86,81,9.4,0,paid,0.83,no
8931582261,COL-004,MECH,Ishaan Menon,ishaan.menon4604@pu.edu.in,2025,1,2,70,78,8.45,2,paid,0.65,no
9330687653,COL-003,EEE,Pranav Mehta,pranav.mehta7818@miot.edu.in,2025,1,1,85,96,9.33,0,paid,0.99,no
6918461483,COL-005,CIVIL,Vivaan Reddy,vivaan.reddy394@rcoe.edu.in,2024,2,3,81,66,7.34,0,paid,0.52,no
4028381886,COL-014,MECH,Gaurav Reddy,gaurav.reddy7213@dscoe.edu.in,2023,3,5,71,74,6.9,1,paid,0.73,no
7374005560,COL-005,IT,Mukesh Mishra,mukesh.mishra1096@rcoe.edu.in,2025,1,2,72,64,7.85,1,paid,0.78,no
8522063364,COL-005,EEE,Aarav Pandey,aarav.pandey498@rcoe.edu.in,2025,1,1,78,79,6.9,0,delayed,0.58,no
4487230978,COL-015,EEE,Kiran Mishra,kiran.mishra5372@djscoe.edu.in,2025,1,2,83,65,6.66,2,paid,0.75,no
3623302606,COL-016,CIVIL,Karthik Bose,karthik.bose2891@hiot.edu.in,2025,1,2,79,75,8.14,0,paid,0.78,no
4077313479,COL-001,IT,Pooja Desai,pooja.desai433@vit.ac.in,2025,1,2,90,86,9.79,0,paid,0.92,no
7152618687,COL-010,CIVIL,Akash Gupta,akash.gupta7330@lpu.edu.in,2024,2,4,69,72,7.51,0,paid,0.76,no
3046805487,COL-013,ECE,Sai Rajput,sai.rajput8381@mriot.edu.in,2023,3,6,75,70,8.39,1,paid,0.73,no
6604274267,COL-001,CIVIL,Arjun Patil,arjun.patil2873@vit.ac.in,2022,4,8,70,63,6.63,2,paid,0.7,no
7752613893,COL-015,ECE,Aryan Bose,aryan.bose6758@djscoe.edu.in,2022,4,8,95,82,9.08,0,paid,0.93,yes
3177232257,COL-015,EEE,Kiran Banerjee,kiran.banerjee644@djscoe.edu.in,2023,3,5,68,70,8.33,2,paid,0.75,no
6742007022,COL-012,IT,Atharva Rao,atharva.rao7429@niot.edu.in,2024,2,3,87,97,9.32,0,paid,0.85,no
5276050195,COL-015,EEE,Aarav Chatterjee,aarav.chatterjee1933@djscoe.edu.in,2025,1,2,93,85,9.43,0,paid,0.87,yes
3129543562,COL-007,IT,Dhruv Desai,dhruv.desai7884@tioeat.edu.in,2024,2,4,76,63,7.71,0,paid,0.5,no
5637192436,COL-001,CSE,Shaurya Shah,shaurya.shah1726@vit.ac.in,2022,4,8,78,77,8.15,2,paid,0.58,no
7440194753,COL-014,IT,Aditi Jain,aditi.jain372@dscoe.edu.in,2024,2,4,66,60,7.26,2,paid,0.66,no
9964282058,COL-016,MECH,Gaurav Gupta,gaurav.gupta514@hiot.edu.in,2024,2,4,50,42,4.76,1,unpaid,0.15,no
2224688803,COL-008,IT,Rohan Mishra,rohan.mishra2156@ku.edu.in,2025,1,1,40,35,4.82,1,unpaid,0.14,no
9686972579,COL-008,EEE,Vihaan Chatterjee,vihaan.chatterjee5140@ku.edu.in,2022,4,7,86,90,8.88,0,paid,0.95,no
2540196372,COL-014,IT,Prakash Tiwari,prakash.tiwari2857@dscoe.edu.in,2025,1,2,92,87,9.72,0,paid,0.82,yes
7120759860,COL-002,CSE,Neha Jain,neha.jain577@srmist.edu.in,2023,3,6,44,55,4.81,4,unpaid,0.49,no
1826033761,COL-006,ECE,Gaurav Patil,gaurav.patil5023@bcoe.edu.in,2023,3,5,49,48,4.74,4,unpaid,0.19,no
5893522993,COL-005,CIVIL,Gaurav Iyer,gaurav.iyer3089@rcoe.edu.in,2025,1,2,80,60,8.29,0,paid,0.69,no
7094606937,COL-016,CIVIL,Yash Menon,yash.menon951@hiot.edu.in,2025,1,1,70,67,7.57,1,paid,0.69,no
3232428899,COL-001,ECE,Sonam Kumar,sonam.kumar8282@vit.ac.in,2023,3,6,81,71,7.96,1,paid,0.69,no
6676920722,COL-014,CIVIL,Pooja Pandey,pooja.pandey4499@dscoe.edu.in,2024,2,4,86,90,8.56,0,paid,0.88,no
8011891457,COL-006,CSE,Shruti Deshmukh,shruti.deshmukh3950@bcoe.edu.in,2023,3,6,66,74,7.92,2,paid,0.61,no
6366077264,COL-006,CIVIL,Kabir Desai,kabir.desai5692@bcoe.edu.in,2023,3,6,67,60,7.72,1,paid,0.51,no
6269691966,COL-001,CIVIL,Dhruv Jain,dhruv.jain4108@vit.ac.in,2023,3,5,41,50,4.53,2,delayed,0.25,no
2755540148,COL-012,CSE,Sneha Chaudhary,sneha.chaudhary7378@niot.edu.in,2025,1,2,78,78,7.01,1,paid,0.57,no
3519759853,COL-009,EEE,Atharva Rajput,atharva.rajput2500@au.edu.in,2023,3,5,84,77,7.14,0,paid,0.69,no
1324329094,COL-013,CSE,Arjun Joshi,arjun.joshi8852@mriot.edu.in,2024,2,3,80,66,8.16,1,paid,0.66,no
7426271732,COL-009,IT,Aditya Joshi,aditya.joshi4174@au.edu.in,2025,1,2,88,81,9.65,0,paid,0.88,no
8387170919,COL-014,CSE,Shruti Mehta,shruti.mehta4790@dscoe.edu.in,2025,1,1,68,74,6.9,0,paid,0.51,no
2726159852,COL-016,IT,Mukesh Tiwari,mukesh.tiwari8693@hiot.edu.in,2023,3,6,49,55,6.09,1,delayed,0.3,no
9103429102,COL-014,IT,Ritik Deshmukh,ritik.deshmukh13@dscoe.edu.in,2024,2,3,87,97,9.13,0,paid,0.98,no
1187033799,COL-007,ECE,Vivek Tiwari,vivek.tiwari6601@tioeat.edu.in,2025,1,1,79,60,8.14,1,paid,0.64,no
8962324289,COL-002,EEE,Aaryan Reddy,aaryan.reddy5483@srmist.edu.in,2023,3,6,80,77,7.87,1,paid,0.73,no
1946511442,COL-016,CSE,Aditi Iyer,aditi.iyer8273@hiot.edu.in,2024,2,3,81,62,7.3,0,paid,0.76,no
4678976079,COL-007,ECE,Ritik Desai,ritik.desai8029@tioeat.edu.in,2022,4,7,54,42,4.41,3,unpaid,0.18,no
4043179666,COL-005,MECH,Nidhi Jain,nidhi.jain4596@rcoe.edu.in,2025,1,2,49,54,6.26,2,paid,0.13,no
9371735542,COL-005,ECE,Swati Joshi,swati.joshi7245@rcoe.edu.in,2023,3,5,55,43,4.32,1,unpaid,0.26,no
7347594276,COL-011,ECE,Prakash Joshi,prakash.joshi3167@mwpu.edu.in,2025,1,1,82,71,6.55,1,delayed,0.72,no
3570966440,COL-007,CIVIL,Reyansh Tiwari,reyansh.tiwari8673@tioeat.edu.in,2023,3,5,45,50,4.88,1,delayed,0.1,no
4426186626,COL-014,EEE,Kavya Pandey,kavya.pandey9824@dscoe.edu.in,2024,2,3,67,73,7.83,1,paid,0.67,no
6353215512,COL-004,MECH,Rahul Patel,rahul.patel7801@pu.edu.in,2025,1,2,85,80,8.82,0,paid,0.86,no
9142780249,COL-011,ECE,Sonia Tiwari,sonia.tiwari2801@mwpu.edu.in,2022,4,7,67,71,7.53,2,delayed,0.74,no
9330929154,COL-010,ECE,Vihaan Das,vihaan.das9412@lpu.edu.in,2025,1,1,66,62,7.48,0,paid,0.73,no
9765654817,COL-011,EEE,Vikas Sengupta,vikas.sengupta9730@mwpu.edu.in,2025,1,2,65,75,7.53,1,paid,0.67,no
2069833951,COL-016,IT,Sumit Deshmukh,sumit.deshmukh7620@hiot.edu.in,2022,4,8,72,71,7.84,1,paid,0.61,no
4617447040,COL-015,ECE,Swati Thakur,swati.thakur7191@djscoe.edu.in,2023,3,5,73,73,7.77,2,paid,0.5,no
5526192314,COL-013,IT,Mukesh Thakur,mukesh.thakur756@mriot.edu.in,2023,3,5,73,65,7.86,0,delayed,0.56,no
5306555572,COL-002,CIVIL,Aarti Chaudhary,aarti.chaudhary4737@srmist.edu.in,2023,3,6,68,79,7.68,0,delayed,0.66,no
1188674571,COL-005,MECH,Yash Singh,yash.singh6123@rcoe.edu.in,2022,4,7,66,79,7.14,1,paid,0.72,no
9419932979,COL-015,EEE,Vivek Patil,vivek.patil4788@djscoe.edu.in,2025,1,1,68,67,6.51,2,paid,0.66,no
2883196380,COL-015,ECE,Gaurav Jain,gaurav.jain4704@djscoe.edu.in,2025,1,2,100,89,8.72,0,paid,0.85,no
9479718610,COL-007,CIVIL,Manish Chatterjee,manish.chatterjee9845@tioeat.edu.in,2022,4,7,53,50,4.67,3,unpaid,0.42,no
7122107758,COL-010,ECE,Swati Kulkarni,swati.kulkarni43@lpu.edu.in,2022,4,8,69,75,7.55,0,paid,0.5,no
1505347788,COL-011,EEE,Sanjay Mehta,sanjay.mehta4539@mwpu.edu.in,2022,4,7,72,63,7.91,0,paid,0.7,no
9610209576,COL-001,CSE,Pranav Deshmukh,pranav.deshmukh5580@vit.ac.in,2024,2,3,67,67,7.02,2,paid,0.78,no
9778182706,COL-010,MECH,Rohan Patel,rohan.patel6815@lpu.edu.in,2023,3,5,70,60,7.87,2,paid,0.52,no
8113807140,COL-009,CSE,Aarav Bose,aarav.bose6303@au.edu.in,2025,1,2,70,76,6.71,2,paid,0.62,no
6877830444,COL-010,MECH,Sanjay Jain,sanjay.jain5619@lpu.edu.in,2023,3,6,75,68,7.58,1,paid,0.55,no
9752561708,COL-015,CIVIL,Reyansh Mukherjee,reyansh.mukherjee5837@djscoe.edu.in,2023,3,5,69,79,6.63,2,paid,0.6,no
9854837346,COL-007,MECH,Manish Joshi,manish.joshi9225@tioeat.edu.in,2022,4,8,83,64,7.89,1,paid,0.63,no
2407304004,COL-004,EEE,Sanjay Banerjee,sanjay.banerjee6526@pu.edu.in,2023,3,6,92,93,8.8,0,paid,0.92,yes
4987829896,COL-004,CIVIL,Reyansh Mehta,reyansh.mehta1046@pu.edu.in,2023,3,6,65,64,7.68,2,delayed,0.61,no
4270864692,COL-011,MECH,Shyam Mishra,shyam.mishra9653@mwpu.edu.in,2023,3,5,83,77,6.91,0,paid,0.65,no
7119737024,COL-005,CIVIL,Nidhi Verma,nidhi.verma6246@rcoe.edu.in,2025,1,2,66,77,7.28,1,paid,0.75,no
8343709764,COL-005,IT,Reyansh Verma,reyansh.verma8218@rcoe.edu.in,2025,1,1,67,70,7.98,1,delayed,0.62,no
6211096615,COL-016,CSE,Kabir Rajput,kabir.rajput4553@hiot.edu.in,2022,4,7,56,57,5.19,2,unpaid,0.31,no
8733829922,COL-002,EEE,Dev Singh,dev.singh5691@srmist.edu.in,2025,1,1,91,97,8.9,0,paid,0.81,no
1358326431,COL-003,CSE,Prakash Reddy,prakash.reddy410@miot.edu.in,2022,4,8,80,63,8.12,2,paid,0.7,no
5645748196,COL-004,ECE,Aarav Singh,aarav.singh2905@pu.edu.in,2022,4,7,78,61,7.44,2,paid,0.77,no
2215199165,COL-016,CIVIL,Sneha Verma,sneha.verma3307@hiot.edu.in,2023,3,5,63,42,4.05,3,delayed,0.34,no
6902683894,COL-009,IT,Ramesh Bose,ramesh.bose5558@au.edu.in,2024,2,4,86,95,9.13,0,paid,0.89,no
3879786760,COL-002,EEE,Rohan Menon,rohan.menon8562@srmist.edu.in,2024,2,4,67,70,6.99,2,paid,0.67,no
8964839227,COL-014,EEE,Aaryan Patil,aaryan.patil3933@dscoe.edu.in,2025,1,1,91,80,9.41,0,paid,0.95,no
7772121762,COL-002,CIVIL,Shreya Reddy,shreya.reddy1634@srmist.edu.in,2025,1,2,77,79,6.56,2,paid,0.51,no
8886187292,COL-002,ECE,Sumit Chauhan,sumit.chauhan3809@srmist.edu.in,2023,3,5,80,71,6.69,2,paid,0.6,no
8683026093,COL-002,CIVIL,Yash Rao,yash.rao5456@srmist.edu.in,2022,4,8,67,71,7.4,2,paid,0.71,no
3235105400,COL-011,CIVIL,Manoj Sharma,manoj.sharma3900@mwpu.edu.in,2024,2,4,81,77,7.15,0,paid,0.75,no
3241583966,COL-011,IT,Yash Tiwari,yash.tiwari2117@mwpu.edu.in,2024,2,3,51,47,5.3,2,delayed,0.49,no
3174644936,COL-007,CIVIL,Akash Tiwari,akash.tiwari8764@tioeat.edu.in,2022,4,8,73,76,7.71,1,paid,0.78,no
4164330393,COL-006,EEE,Dhruv Bose,dhruv.bose3390@bcoe.edu.in,2025,1,2,74,67,6.75,0,delayed,0.65,no
4737286009,COL-013,CSE,Atharva Sengupta,atharva.sengupta2118@mriot.edu.in,2024,2,3,83,67,7.4,1,paid,0.73,no
1809082397,COL-002,CSE,Ritik Tiwari,ritik.tiwari7385@srmist.edu.in,2022,4,8,99,96,9.28,0,paid,0.96,no
6004065468,COL-009,EEE,Dev Reddy,dev.reddy780@au.edu.in,2024,2,3,76,78,7.82,1,paid,0.78,no
9601736217,COL-004,IT,Manoj Reddy,manoj.reddy2024@pu.edu.in,2023,3,5,55,43,5.12,4,paid,0.15,no
3688067580,COL-014,ECE,Amit Verma,amit.verma8634@dscoe.edu.in,2025,1,1,81,76,7.57,2,delayed,0.69,no
4587497673,COL-004,CIVIL,Ananya Singh,ananya.singh7549@pu.edu.in,2023,3,5,68,71,6.64,0,paid,0.64,no
1884957299,COL-007,ECE,Vihaan Verma,vihaan.verma312@tioeat.edu.in,2024,2,3,73,67,8,1,paid,0.66,no
3604855867,COL-013,MECH,Sanjay Verma,sanjay.verma5439@mriot.edu.in,2025,1,1,55,48,5.63,1,paid,0.26,no
4720025262,COL-003,CIVIL,Vijay Chauhan,vijay.chauhan9146@miot.edu.in,2022,4,8,97,83,9.54,0,paid,0.97,yes
4894091745,COL-014,ECE,Raj Iyer,raj.iyer5596@dscoe.edu.in,2025,1,1,55,35,4.64,1,unpaid,0.11,no
8433602240,COL-010,IT,Nidhi Das,nidhi.das9137@lpu.edu.in,2022,4,7,55,41,4.59,3,unpaid,0.19,no
4487625701,COL-013,CIVIL,Aryan Das,aryan.das725@mriot.edu.in,2023,3,5,73,60,7.1,2,paid,0.55,no
9542386301,COL-016,ECE,Vijay Jain,vijay.jain8895@hiot.edu.in,2025,1,1,52,40,5.05,4,delayed,0.26,no
2837402528,COL-008,CIVIL,Ishaan Tiwari,ishaan.tiwari7546@ku.edu.in,2024,2,3,84,74,8.41,2,paid,0.73,no
6410382928,COL-003,ECE,Prakash Patil,prakash.patil9708@miot.edu.in,2025,1,2,43,40,5.37,4,paid,0.11,no
6170329519,COL-013,IT,Aarav Iyer,aarav.iyer372@mriot.edu.in,2023,3,6,88,93,8.96,0,paid,0.92,yes
6074405001,COL-006,CSE,Krishna Joshi,krishna.joshi8567@bcoe.edu.in,2024,2,3,79,73,6.89,1,paid,0.56,no
8112141540,COL-007,MECH,Khushi Singh,khushi.singh3224@tioeat.edu.in,2023,3,5,72,77,7.21,2,delayed,0.74,no
6733350087,COL-002,IT,Shreya Mukherjee,shreya.mukherjee6847@srmist.edu.in,2025,1,1,74,65,7.58,2,paid,0.79,no
1719461185,COL-008,IT,Shreya Mishra,shreya.mishra6633@ku.edu.in,2023,3,6,70,65,6.65,1,paid,0.71,no
5266120447,COL-005,CSE,Riya Gupta,riya.gupta4069@rcoe.edu.in,2022,4,7,91,87,8.82,0,paid,0.86,no
1934414630,COL-011,CIVIL,Ramesh Reddy,ramesh.reddy9117@mwpu.edu.in,2022,4,7,66,75,6.78,2,delayed,0.68,no
5686171224,COL-001,CSE,Kabir Mishra,kabir.mishra1041@vit.ac.in,2024,2,3,59,53,4.81,4,unpaid,0.18,no
6091290834,COL-005,MECH,Shyam Mukherjee,shyam.mukherjee7703@rcoe.edu.in,2022,4,7,78,73,7,2,paid,0.66,no
8430734069,COL-006,CIVIL,Kiran Mukherjee,kiran.mukherjee6091@bcoe.edu.in,2022,4,7,85,80,8.52,0,paid,0.87,no
1917182228,COL-016,CSE,Dev Tiwari,dev.tiwari1826@hiot.edu.in,2023,3,6,99,91,9.35,0,paid,1,yes
2586560955,COL-007,MECH,Ramesh Chaudhary,ramesh.chaudhary1270@tioeat.edu.in,2024,2,4,74,60,7.22,1,paid,0.58,no
6943144652,COL-014,EEE,Shreya Gupta,shreya.gupta2380@dscoe.edu.in,2022,4,7,85,99,8.79,0,paid,0.98,yes
9916321689,COL-007,ECE,Swati Desai,swati.desai1865@tioeat.edu.in,2024,2,3,73,62,7.1,0,paid,0.53,no
3910934232,COL-006,EEE,Vijay Desai,vijay.desai4329@bcoe.edu.in,2024,2,4,74,79,7.48,1,paid,0.71,no
4056819475,COL-005,IT,Vihaan Deshmukh,vihaan.deshmukh4771@rcoe.edu.in,2022,4,7,100,98,9.26,0,paid,0.88,no
3013165019,COL-013,IT,Atharva Mehta,atharva.mehta5059@mriot.edu.in,2024,2,4,64,46,6.31,2,paid,0.23,no
6345899099,COL-002,MECH,Aditya Patel,aditya.patel1687@srmist.edu.in,2025,1,1,80,65,6.73,1,paid,0.53,no
3378191675,COL-010,ECE,Prakash Pandey,prakash.pandey1132@lpu.edu.in,2022,4,7,77,79,6.76,0,paid,0.68,no
4699326725,COL-007,EEE,Raj Mishra,raj.mishra606@tioeat.edu.in,2022,4,8,75,73,7.99,1,paid,0.6,no
6432817980,COL-006,EEE,Aryan Nair,aryan.nair9958@bcoe.edu.in,2025,1,1,95,84,9.1,0,paid,0.98,no
8273139664,COL-015,CIVIL,Aarti Verma,aarti.verma6203@djscoe.edu.in,2023,3,5,71,66,7.57,2,paid,0.59,no
4385801083,COL-001,ECE,Krishna Banerjee,krishna.banerjee6525@vit.ac.in,2024,2,3,78,63,8.11,2,paid,0.75,no
9702993760,COL-014,CIVIL,Priya Chaudhary,priya.chaudhary6046@dscoe.edu.in,2025,1,1,43,52,5.31,3,unpaid,0.16,no
6419634081,COL-015,CSE,Anjali Shah,anjali.shah1704@djscoe.edu.in,2022,4,7,80,69,7.25,2,paid,0.77,no
2672728920,COL-006,MECH,Aaryan Kulkarni,aaryan.kulkarni4282@bcoe.edu.in,2022,4,7,71,78,7.27,2,paid,0.78,no
2066634499,COL-010,EEE,Priya Mehta,priya.mehta7474@lpu.edu.in,2023,3,5,94,80,9.49,0,paid,0.83,yes
4938748264,COL-004,MECH,Aryan Desai,aryan.desai2013@pu.edu.in,2023,3,5,96,87,8.95,0,paid,0.88,yes
1043689244,COL-012,ECE,Aditya Mukherjee,aditya.mukherjee4362@niot.edu.in,2023,3,5,73,74,6.96,2,paid,0.5,no
8853465746,COL-004,MECH,Priya Mukherjee,priya.mukherjee7835@pu.edu.in,2022,4,7,74,69,7.13,2,delayed,0.63,no
1460851366,COL-008,ECE,Manish Kumar,manish.kumar9851@ku.edu.in,2024,2,3,66,65,8.24,2,paid,0.64,no
1764921769,COL-008,ECE,Dhruv Chatterjee,dhruv.chatterjee6165@ku.edu.in,2024,2,4,76,69,7.11,2,delayed,0.71,no
6397796345,COL-002,CSE,Aryan Reddy,aryan.reddy6176@srmist.edu.in,2025,1,2,68,75,6.7,2,paid,0.59,no
7996779070,COL-013,EEE,Kiran Bose,kiran.bose5563@mriot.edu.in,2023,3,5,71,73,7.43,1,delayed,0.6,no
3785929998,COL-004,MECH,Aaryan Jain,aaryan.jain6802@pu.edu.in,2024,2,4,73,71,8.04,1,paid,0.77,no
8423257035,COL-010,ECE,Sai Iyer,sai.iyer4720@lpu.edu.in,2022,4,8,68,61,7.95,0,delayed,0.77,no
4113477564,COL-013,IT,Vivaan Rajput,vivaan.rajput327@mriot.edu.in,2024,2,4,52,38,4.92,2,delayed,0.16,no
3129421031,COL-007,EEE,Swati Banerjee,swati.banerjee2031@tioeat.edu.in,2025,1,2,84,62,7.8,1,paid,0.64,no
4817195715,COL-001,CSE,Abhinav Reddy,abhinav.reddy849@vit.ac.in,2025,1,2,61,43,4.1,2,unpaid,0.12,no
4514411253,COL-006,ECE,Riya Thakur,riya.thakur9320@bcoe.edu.in,2022,4,8,46,50,4.96,1,delayed,0.34,no
1012130788,COL-013,ECE,Kabir Chaudhary,kabir.chaudhary4488@mriot.edu.in,2023,3,6,88,99,8.74,0,paid,0.81,no
3206644091,COL-007,IT,Kiran Das,kiran.das182@tioeat.edu.in,2023,3,6,89,83,9.44,0,paid,0.95,yes
8668352372,COL-012,CSE,Ayaan Kumar,ayaan.kumar5592@niot.edu.in,2023,3,6,42,37,5.06,1,paid,0.12,no
9964356853,COL-002,EEE,Aaryan Gupta,aaryan.gupta8235@srmist.edu.in,2024,2,3,76,68,7.68,2,paid,0.74,no
5232540967,COL-011,ECE,Manish Patel,manish.patel1924@mwpu.edu.in,2024,2,3,69,62,7.1,2,paid,0.59,no
4835618299,COL-011,IT,Rahul Mishra,rahul.mishra5307@mwpu.edu.in,2023,3,5,76,60,6.52,0,paid,0.61,no
5148095169,COL-009,MECH,Sonia Sengupta,sonia.sengupta7991@au.edu.in,2022,4,8,67,69,7.85,2,paid,0.56,no
6210946125,COL-003,IT,Sanjay Reddy,sanjay.reddy1478@miot.edu.in,2024,2,4,80,70,7.05,2,paid,0.62,no
9862222777,COL-009,ECE,Priya Joshi,priya.joshi9238@au.edu.in,2024,2,4,79,60,8.37,2,delayed,0.57,no
1131956743,COL-015,MECH,Arjun Bose,arjun.bose6838@djscoe.edu.in,2022,4,8,69,61,6.61,2,paid,0.77,no
1693387380,COL-004,EEE,Riya Kulkarni,riya.kulkarni8270@pu.edu.in,2022,4,7,65,72,8.18,2,paid,0.71,no
8873038208,COL-002,EEE,Mukesh Shah,mukesh.shah6738@srmist.edu.in,2024,2,4,79,74,7.36,2,paid,0.78,no
8103897193,COL-014,CSE,Shreya Joshi,shreya.joshi3511@dscoe.edu.in,2025,1,1,55,44,4.2,2,delayed,0.24,no
6216313732,COL-007,CIVIL,Mukesh Sengupta,mukesh.sengupta1287@tioeat.edu.in,2023,3,6,92,82,8.58,0,paid,0.95,no
5531693962,COL-009,ECE,Dhruv Deshmukh,dhruv.deshmukh9275@au.edu.in,2023,3,5,45,48,4.02,3,paid,0.19,no
5357755682,COL-016,ECE,Ritik Banerjee,ritik.banerjee8934@hiot.edu.in,2023,3,6,78,63,7.05,0,paid,0.79,no
3484338199,COL-007,CSE,Shreya Sengupta,shreya.sengupta8085@tioeat.edu.in,2025,1,1,83,61,7.8,1,delayed,0.5,no
2612042985,COL-005,CIVIL,Abhinav Verma,abhinav.verma9011@rcoe.edu.in,2024,2,4,83,73,7.81,2,paid,0.52,no
5297049403,COL-012,IT,Anjali Desai,anjali.desai3599@niot.edu.in,2022,4,7,99,92,9.4,0,paid,0.85,no
9225428284,COL-011,EEE,Gaurav Yadav,gaurav.yadav5022@mwpu.edu.in,2023,3,5,78,68,6.94,2,delayed,0.57,no
5770702882,COL-015,EEE,Gaurav Patel,gaurav.patel1038@djscoe.edu.in,2025,1,2,46,56,4.61,4,unpaid,0.13,no
7167958629,COL-009,IT,Dhruv Shah,dhruv.shah2012@au.edu.in,2022,4,7,72,65,7.52,0,delayed,0.73,no
1203845811,COL-006,IT,Vihaan Reddy,vihaan.reddy6827@bcoe.edu.in,2025,1,2,51,43,4.28,1,unpaid,0.25,no
7008568064,COL-012,IT,Aditi Das,aditi.das5139@niot.edu.in,2024,2,4,63,35,6.11,3,delayed,0.19,no
9608211649,COL-003,ECE,Sonia Chaudhary,sonia.chaudhary2813@miot.edu.in,2024,2,4,69,71,6.64,1,delayed,0.74,no
8006528370,COL-008,ECE,Kabir Nair,kabir.nair4098@ku.edu.in,2024,2,4,78,71,7.15,0,paid,0.54,no
5067509655,COL-003,IT,Dev Shah,dev.shah5301@miot.edu.in,2022,4,8,72,73,8.21,1,paid,0.63,no
9601738291,COL-013,EEE,Sanjay Das,sanjay.das8517@mriot.edu.in,2025,1,2,69,67,8.36,2,paid,0.72,no
3567729393,COL-002,CIVIL,Yash Chatterjee,yash.chatterjee5624@srmist.edu.in,2022,4,8,97,99,9.68,0,paid,0.99,yes
8420176793,COL-013,EEE,Kabir Bose,kabir.bose1496@mriot.edu.in,2025,1,1,61,35,5.35,4,unpaid,0.19,no
9595538407,COL-009,ECE,Swati Shah,swati.shah7664@au.edu.in,2024,2,4,89,94,8.72,0,paid,0.85,no
8787251217,COL-015,MECH,Sonam Mishra,sonam.mishra1971@djscoe.edu.in,2025,1,2,80,69,7.56,1,paid,0.69,no
9926147184,COL-009,CIVIL,Ritik Chaudhary,ritik.chaudhary1776@au.edu.in,2022,4,7,80,70,6.73,2,paid,0.59,no
2571689359,COL-002,IT,Shruti Tiwari,shruti.tiwari9658@srmist.edu.in,2023,3,5,93,99,8.77,0,paid,0.98,no
3274925262,COL-003,EEE,Vihaan Rajput,vihaan.rajput2863@miot.edu.in,2024,2,4,72,69,6.85,1,paid,0.67,no
2954238273,COL-006,CIVIL,Abhinav Yadav,abhinav.yadav4887@bcoe.edu.in,2022,4,7,95,95,8.78,0,paid,0.96,no
5956525625,COL-009,IT,Rahul Verma,rahul.verma8907@au.edu.in,2025,1,1,90,87,9,0,paid,0.9,yes
3640812764,COL-016,ECE,Sumit Sengupta,sumit.sengupta7781@hiot.edu.in,2025,1,1,47,56,4.18,1,delayed,0.28,no
1303357982,COL-006,CIVIL,Manish Das,manish.das5561@bcoe.edu.in,2025,1,2,41,41,5.74,2,unpaid,0.37,no
9766652371,COL-007,IT,Vivaan Bose,vivaan.bose7463@tioeat.edu.in,2022,4,7,93,97,8.74,0,paid,1,no
1873087487,COL-008,ECE,Atharva Singh,atharva.singh4408@ku.edu.in,2025,1,1,97,83,9.79,0,paid,0.98,no
7472024696,COL-016,CSE,Khushi Shah,khushi.shah9439@hiot.edu.in,2023,3,5,100,88,9.49,0,paid,0.98,no
6746080956,COL-001,CSE,Swati Chaudhary,swati.chaudhary671@vit.ac.in,2023,3,6,83,78,7.65,0,delayed,0.78,no
8988343665,COL-010,CIVIL,Kabir Pandey,kabir.pandey5942@lpu.edu.in,2022,4,7,75,66,7.17,1,paid,0.54,no
2427508566,COL-006,ECE,Dev Iyer,dev.iyer6238@bcoe.edu.in,2024,2,3,43,47,6.45,1,unpaid,0.44,no
3941525934,COL-002,EEE,Ayaan Bose,ayaan.bose4018@srmist.edu.in,2025,1,1,66,64,7.21,0,delayed,0.68,no
7431779397,COL-001,CIVIL,Manoj Banerjee,manoj.banerjee7104@vit.ac.in,2025,1,1,75,70,7.82,2,paid,0.56,no
9506230344,COL-005,CSE,Rohan Tiwari,rohan.tiwari6403@rcoe.edu.in,2023,3,5,43,35,6.12,2,unpaid,0.39,no
7586005240,COL-014,CIVIL,Pranav Yadav,pranav.yadav4492@dscoe.edu.in,2025,1,2,66,67,6.8,1,delayed,0.57,no
7603309413,COL-009,MECH,Manish Jain,manish.jain7726@au.edu.in,2025,1,2,69,69,6.69,2,paid,0.77,no
6833370317,COL-015,EEE,Akash Thakur,akash.thakur9404@djscoe.edu.in,2022,4,7,85,98,9.65,0,paid,0.99,no
3434143273,COL-013,IT,Swati Nair,swati.nair9264@mriot.edu.in,2024,2,3,71,73,7.65,1,paid,0.57,no
7130245766,COL-005,EEE,Shreya Nair,shreya.nair1842@rcoe.edu.in,2024,2,3,70,63,7.17,2,paid,0.51,no
4915719731,COL-005,ECE,Sonam Jain,sonam.jain2053@rcoe.edu.in,2025,1,2,59,36,6.43,3,delayed,0.19,no
8221549219,COL-013,MECH,Shyam Yadav,shyam.yadav4762@mriot.edu.in,2024,2,3,44,55,5.97,3,delayed,0.43,no
1682715458,COL-015,MECH,Aditya Chaudhary,aditya.chaudhary9489@djscoe.edu.in,2024,2,4,49,37,6.26,3,delayed,0.31,no
9195679554,COL-010,CSE,Sonam Shah,sonam.shah7403@lpu.edu.in,2023,3,6,77,77,8.08,1,paid,0.64,no
5481776529,COL-005,CSE,Kavya Mishra,kavya.mishra7466@rcoe.edu.in,2025,1,2,81,76,8.45,2,paid,0.64,no
3779773254,COL-005,IT,Atharva Chatterjee,atharva.chatterjee6642@rcoe.edu.in,2023,3,6,70,76,7.25,1,paid,0.57,no
5680155663,COL-015,CIVIL,Manoj Thakur,manoj.thakur7507@djscoe.edu.in,2022,4,8,44,46,6.49,1,paid,0.17,no
6421692185,COL-011,EEE,Pooja Chauhan,pooja.chauhan9453@mwpu.edu.in,2025,1,2,70,69,6.59,1,paid,0.59,no
7151589202,COL-010,IT,Neha Kumar,neha.kumar5238@lpu.edu.in,2024,2,4,91,94,8.83,0,paid,0.87,no
1235292706,COL-009,ECE,Aditya Verma,aditya.verma46@au.edu.in,2022,4,7,95,82,9.4,0,paid,0.93,yes
4679686029,COL-006,CIVIL,Anjali Nair,anjali.nair6031@bcoe.edu.in,2024,2,3,71,75,7.01,1,delayed,0.74,no
8220913177,COL-001,CIVIL,Atharva Das,atharva.das5341@vit.ac.in,2025,1,1,44,54,4.15,2,delayed,0.28,no
5437572253,COL-007,CSE,Amit Rao,amit.rao3401@tioeat.edu.in,2025,1,1,66,65,7,1,delayed,0.56,no
5137055939,COL-001,IT,Manoj Yadav,manoj.yadav7442@vit.ac.in,2024,2,3,76,77,8.03,0,paid,0.62,no
5922274103,COL-012,CIVIL,Nidhi Sengupta,nidhi.sengupta6939@niot.edu.in,2023,3,5,51,53,6.34,1,delayed,0.19,no
6641456751,COL-013,EEE,Dev Banerjee,dev.banerjee7943@mriot.edu.in,2024,2,3,96,92,8.59,0,paid,0.88,no
2295186921,COL-006,IT,Kabir Mehta,kabir.mehta3427@bcoe.edu.in,2024,2,3,71,60,7.46,0,delayed,0.74,no
4892314780,COL-008,CSE,Riya Nair,riya.nair857@ku.edu.in,2022,4,8,73,72,6.74,0,paid,0.66,no
7048154397,COL-011,CIVIL,Ramesh Desai,ramesh.desai4814@mwpu.edu.in,2023,3,6,41,41,4.14,2,unpaid,0.14,no
1818666616,COL-003,CSE,Ayaan Das,ayaan.das9748@miot.edu.in,2022,4,7,41,47,5.42,4,unpaid,0.4,no
8095871558,COL-002,CIVIL,Vivaan Patil,vivaan.patil5860@srmist.edu.in,2024,2,3,66,73,8.02,2,paid,0.62,no
7688504785,COL-012,EEE,Amit Joshi,amit.joshi5954@niot.edu.in,2023,3,5,70,75,7.54,2,paid,0.78,no
4237214449,COL-002,CIVIL,Shruti Verma,shruti.verma756@srmist.edu.in,2024,2,3,57,38,4.6,2,paid,0.31,no
4935641896,COL-003,CIVIL,Ananya Rao,ananya.rao1073@miot.edu.in,2022,4,7,77,72,7.77,1,delayed,0.75,no
1802796084,COL-004,ECE,Karthik Joshi,karthik.joshi6895@pu.edu.in,2023,3,6,63,47,6.17,3,unpaid,0.15,no
4092871071,COL-001,CSE,Vihaan Gupta,vihaan.gupta947@vit.ac.in,2025,1,2,46,52,4.92,4,unpaid,0.29,no
6637317137,COL-016,IT,Amit Mishra,amit.mishra7582@hiot.edu.in,2025,1,1,71,68,7.04,2,paid,0.64,no
1183551357,COL-003,IT,Sneha Tiwari,sneha.tiwari4993@miot.edu.in,2022,4,8,74,74,8.17,0,paid,0.6,no
5775957530,COL-005,EEE,Swati Patel,swati.patel5273@rcoe.edu.in,2022,4,7,71,75,8.26,1,paid,0.55,no
3265677450,COL-008,MECH,Akash Iyer,akash.iyer6665@ku.edu.in,2024,2,3,65,68,7.64,0,paid,0.54,no
7769084080,COL-008,EEE,Vijay Kulkarni,vijay.kulkarni4661@ku.edu.in,2024,2,3,40,38,4.23,3,unpaid,0.2,no
8583607139,COL-012,IT,Amit Mukherjee,amit.mukherjee2750@niot.edu.in,2024,2,3,93,86,9.68,0,paid,0.81,no
1692371922,COL-012,MECH,Vikas Menon,vikas.menon6417@niot.edu.in,2023,3,5,40,48,5.16,3,unpaid,0.25,no
3494259745,COL-006,EEE,Kabir Chauhan,kabir.chauhan501@bcoe.edu.in,2023,3,5,68,64,6.6,1,paid,0.61,no
3270263761,COL-016,MECH,Krishna Shah,krishna.shah6971@hiot.edu.in,2023,3,5,78,78,7.48,1,delayed,0.77,no
2923830714,COL-014,CIVIL,Amit Chaudhary,amit.chaudhary1760@dscoe.edu.in,2025,1,2,97,81,9.23,0,paid,0.93,no
6820599260,COL-008,MECH,Raj Rao,raj.rao3892@ku.edu.in,2024,2,4,84,66,7.64,0,delayed,0.68,no
7211045346,COL-003,CIVIL,Mukesh Sharma,mukesh.sharma8910@miot.edu.in,2025,1,2,84,78,7.37,2,paid,0.58,no
4443871708,COL-012,ECE,Sanjay Thakur,sanjay.thakur5520@niot.edu.in,2023,3,5,96,97,9.63,0,paid,0.89,no
4305449057,COL-009,CIVIL,Vivek Mehta,vivek.mehta9009@au.edu.in,2024,2,3,62,51,5.27,3,delayed,0.22,no
9621801678,COL-009,CSE,Sai Patil,sai.patil1358@au.edu.in,2023,3,5,91,84,8.86,0,paid,0.97,no
2841553648,COL-012,CIVIL,Shaurya Deshmukh,shaurya.deshmukh8424@niot.edu.in,2023,3,6,99,85,8.87,0,paid,0.83,no
9917831562,COL-010,MECH,Amit Das,amit.das9672@lpu.edu.in,2025,1,2,78,61,8.29,2,paid,0.72,no
5944374628,COL-003,CIVIL,Vivek Shah,vivek.shah2952@miot.edu.in,2025,1,1,74,60,7.31,0,paid,0.73,no
6722097395,COL-003,ECE,Shyam Reddy,shyam.reddy7250@miot.edu.in,2025,1,1,78,67,6.93,0,paid,0.76,no
3450573494,COL-005,MECH,Khushi Jain,khushi.jain9226@rcoe.edu.in,2025,1,1,94,88,8.92,0,paid,0.83,no
3922281817,COL-006,MECH,Vivaan Joshi,vivaan.joshi8384@bcoe.edu.in,2025,1,1,84,65,6.94,2,paid,0.72,no
3799248807,COL-011,CSE,Sonam Pandey,sonam.pandey9513@mwpu.edu.in,2025,1,1,83,70,6.65,0,paid,0.62,no
4827373932,COL-012,CIVIL,Kabir Sengupta,kabir.sengupta2482@niot.edu.in,2024,2,3,68,79,8.09,0,paid,0.6,no
9218455665,COL-012,MECH,Aditya Reddy,aditya.reddy7890@niot.edu.in,2025,1,2,60,50,5.66,1,unpaid,0.33,no
2391765900,COL-015,MECH,Riya Rao,riya.rao9196@djscoe.edu.in,2024,2,3,93,96,9.11,0,paid,0.86,no
2840602641,COL-014,IT,Vivaan Tiwari,vivaan.tiwari5143@dscoe.edu.in,2022,4,8,85,96,9.55,0,paid,0.86,no
4784442423,COL-005,CSE,Aryan Menon,aryan.menon9328@rcoe.edu.in,2023,3,6,48,45,4.54,2,paid,0.3,no
8494435991,COL-015,EEE,Manoj Nair,manoj.nair3099@djscoe.edu.in,2024,2,4,47,52,4.34,1,delayed,0.35,no
4761110374,COL-006,IT,Rohan Kulkarni,rohan.kulkarni2586@bcoe.edu.in,2025,1,1,66,76,7.21,0,paid,0.73,no
7118935369,COL-011,MECH,Riya Yadav,riya.yadav8273@mwpu.edu.in,2022,4,8,88,87,8.52,0,paid,0.95,no
8868127787,COL-016,MECH,Ayaan Rajput,ayaan.rajput3665@hiot.edu.in,2024,2,3,100,89,9.78,0,paid,1,no
9251310210,COL-016,MECH,Prakash Desai,prakash.desai930@hiot.edu.in,2025,1,1,100,99,9.08,0,paid,0.81,no
6588371071,COL-003,EEE,Aarav Patel,aarav.patel6723@miot.edu.in,2022,4,8,61,36,5.17,2,delayed,0.13,no
2036854412,COL-014,CIVIL,Sonam Bose,sonam.bose3033@dscoe.edu.in,2025,1,2,89,100,9.41,0,paid,0.89,no
3509142866,COL-016,EEE,Vivaan Mishra,vivaan.mishra6020@hiot.edu.in,2024,2,4,75,75,8.04,2,paid,0.7,no
1526494944,COL-016,CIVIL,Vikas Yadav,vikas.yadav9280@hiot.edu.in,2025,1,2,65,74,6.7,0,paid,0.7,no
3651397366,COL-002,CIVIL,Abhinav Joshi,abhinav.joshi1723@srmist.edu.in,2023,3,6,48,46,6.14,2,unpaid,0.3,no
5886670117,COL-007,CSE,Sonia Chauhan,sonia.chauhan2745@tioeat.edu.in,2024,2,3,72,61,6.86,1,delayed,0.52,no
1711118901,COL-007,ECE,Dhruv Reddy,dhruv.reddy3019@tioeat.edu.in,2022,4,7,93,90,9.45,0,paid,0.96,yes
7564905535,COL-002,CSE,Aarav Thakur,aarav.thakur2795@srmist.edu.in,2023,3,6,73,60,7.99,0,paid,0.7,no
9762060547,COL-008,MECH,Kavya Joshi,kavya.joshi7594@ku.edu.in,2023,3,6,59,47,5.73,1,paid,0.34,no
4505862950,COL-009,ECE,Shyam Tiwari,shyam.tiwari6039@au.edu.in,2025,1,2,87,96,9.33,0,paid,0.92,no
4335003308,COL-015,CIVIL,Riya Patel,riya.patel3296@djscoe.edu.in,2023,3,5,76,71,7.12,2,paid,0.71,no
3619162476,COL-004,MECH,Pooja Bose,pooja.bose7493@pu.edu.in,2024,2,4,65,77,7.08,2,paid,0.63,no
6009458557,COL-014,CIVIL,Suresh Pandey,suresh.pandey7511@dscoe.edu.in,2022,4,7,80,79,6.99,1,delayed,0.52,no
3217113744,COL-013,IT,Ishaan Banerjee,ishaan.banerjee1948@mriot.edu.in,2022,4,8,79,74,7.31,1,paid,0.79,no
6866187814,COL-005,EEE,Pranav Das,pranav.das6057@rcoe.edu.in,2022,4,8,86,87,8.55,0,paid,0.84,no
8917510583,COL-001,MECH,Shruti Kulkarni,shruti.kulkarni700@vit.ac.in,2025,1,2,89,92,8.66,0,paid,0.82,no
2687505070,COL-015,CSE,Ishaan Shah,ishaan.shah6820@djscoe.edu.in,2023,3,5,81,78,8.42,0,paid,0.76,no
6678781813,COL-016,CIVIL,Vikas Pandey,vikas.pandey4064@hiot.edu.in,2022,4,8,83,71,7.3,0,paid,0.73,no
5652904404,COL-008,MECH,Anjali Thakur,anjali.thakur2382@ku.edu.in,2023,3,6,51,53,5.54,4,paid,0.4,no
6763830669,COL-006,MECH,Ananya Menon,ananya.menon9431@bcoe.edu.in,2023,3,5,68,68,7.59,1,paid,0.77,no
6685472417,COL-007,CSE,Shruti Nair,shruti.nair2578@tioeat.edu.in,2022,4,8,72,73,7.13,0,paid,0.62,no
3453247856,COL-013,CIVIL,Aarti Joshi,aarti.joshi3345@mriot.edu.in,2023,3,6,68,77,7.99,2,paid,0.79,no
1164769945,COL-005,CIVIL,Ritik Sharma,ritik.sharma9519@rcoe.edu.in,2023,3,6,70,77,7.86,0,paid,0.75,no
1475140367,COL-016,ECE,Ishaan Kulkarni,ishaan.kulkarni7402@hiot.edu.in,2023,3,6,53,35,4.78,1,paid,0.1,no
5649826481,COL-006,ECE,Suresh Jain,suresh.jain7296@bcoe.edu.in,2025,1,1,78,66,6.84,0,delayed,0.71,no
1955222906,COL-009,ECE,Aaryan Pandey,aaryan.pandey8686@au.edu.in,2024,2,4,72,77,7.02,2,paid,0.65,no
1416832190,COL-007,MECH,Atharva Gupta,atharva.gupta8847@tioeat.edu.in,2024,2,3,67,73,8.08,1,paid,0.62,no
4438109485,COL-001,MECH,Ramesh Tiwari,ramesh.tiwari3877@vit.ac.in,2024,2,4,69,62,8.2,2,paid,0.52,no
2722326472,COL-007,IT,Ananya Mehta,ananya.mehta7058@tioeat.edu.in,2025,1,2,76,66,8.16,1,paid,0.78,no
1160243256,COL-007,MECH,Reyansh Iyer,reyansh.iyer591@tioeat.edu.in,2022,4,7,45,38,4.26,3,delayed,0.49,no
4796106654,COL-010,CSE,Reyansh Patel,reyansh.patel4380@lpu.edu.in,2025,1,2,94,86,9.53,0,paid,0.9,yes
1056495670,COL-015,EEE,Kavya Bose,kavya.bose5469@djscoe.edu.in,2024,2,4,76,71,7.51,2,paid,0.66,no
5122103820,COL-002,EEE,Dev Rajput,dev.rajput7089@srmist.edu.in,2024,2,4,43,55,6.23,2,unpaid,0.44,no
2252937335,COL-006,MECH,Mukesh Pandey,mukesh.pandey6037@bcoe.edu.in,2023,3,5,53,49,5.23,4,delayed,0.48,no
2173811847,COL-003,MECH,Aarti Pandey,aarti.pandey5282@miot.edu.in,2022,4,7,54,40,5,2,unpaid,0.14,no
9838834157,COL-005,CSE,Sneha Mukherjee,sneha.mukherjee9519@rcoe.edu.in,2022,4,7,68,70,8.1,2,delayed,0.64,no
2806277356,COL-010,MECH,Anjali Das,anjali.das388@lpu.edu.in,2023,3,6,86,86,8.71,0,paid,0.94,no
8750214830,COL-008,CIVIL,Abhishek Tiwari,abhishek.tiwari7028@ku.edu.in,2025,1,1,69,62,7.44,0,delayed,0.65,no
4781663747,COL-016,CIVIL,Sanjay Deshmukh,sanjay.deshmukh2974@hiot.edu.in,2024,2,3,43,44,6.35,3,delayed,0.32,no
6907435967,COL-004,ECE,Sai Patel,sai.patel6391@pu.edu.in,2022,4,7,96,93,9.43,0,paid,0.97,no
3279545487,COL-013,CSE,Krishna Rajput,krishna.rajput2864@mriot.edu.in,2024,2,4,72,75,8.36,0,paid,0.62,no
4228356153,COL-007,EEE,Shaurya Nair,shaurya.nair5216@tioeat.edu.in,2025,1,1,70,70,8.26,0,paid,0.75,no
4801290082,COL-007,CIVIL,Khushi Sengupta,khushi.sengupta3259@tioeat.edu.in,2022,4,7,74,75,6.86,1,paid,0.59,no
9850934756,COL-002,MECH,Sneha Kulkarni,sneha.kulkarni4245@srmist.edu.in,2024,2,3,57,43,4.06,1,delayed,0.32,no
8567185699,COL-005,CSE,Krishna Bose,krishna.bose7943@rcoe.edu.in,2025,1,1,66,70,7.61,0,paid,0.67,no
7338366010,COL-003,IT,Reyansh Rao,reyansh.rao9539@miot.edu.in,2023,3,5,79,76,8.34,2,paid,0.68,no
6265447462,COL-002,MECH,Kavya Reddy,kavya.reddy5624@srmist.edu.in,2022,4,8,94,87,8.97,0,paid,0.88,no
2437284378,COL-011,MECH,Pranav Banerjee,pranav.banerjee6421@mwpu.edu.in,2023,3,6,71,66,6.95,2,paid,0.73,no
7505606122,COL-005,CIVIL,Sanjay Singh,sanjay.singh70@rcoe.edu.in,2025,1,1,61,47,4.5,2,delayed,0.42,no
7818421177,COL-003,EEE,Aditi Rao,aditi.rao5234@miot.edu.in,2024,2,4,90,100,8.94,0,paid,0.82,no
7550788879,COL-013,MECH,Rahul Yadav,rahul.yadav3186@mriot.edu.in,2024,2,3,78,79,7.8,0,paid,0.73,no
8636014224,COL-003,CSE,Aarti Banerjee,aarti.banerjee4239@miot.edu.in,2023,3,5,85,99,8.61,0,paid,1,no
9129139973,COL-005,CSE,Vivaan Menon,vivaan.menon8958@rcoe.edu.in,2025,1,2,93,87,8.72,0,paid,0.94,yes
6939913137,COL-003,MECH,Sai Chauhan,sai.chauhan3599@miot.edu.in,2024,2,3,89,83,9.42,0,paid,0.97,yes
6551286785,COL-003,EEE,Aditi Patel,aditi.patel1457@miot.edu.in,2025,1,2,68,65,7.36,1,paid,0.71,no
3070511889,COL-003,IT,Vijay Shah,vijay.shah1601@miot.edu.in,2024,2,3,63,40,4.13,4,unpaid,0.36,no
5925017176,COL-013,EEE,Prakash Sengupta,prakash.sengupta9164@mriot.edu.in,2024,2,3,75,77,8.17,0,paid,0.56,no
2162992191,COL-004,EEE,Aarti Deshmukh,aarti.deshmukh5400@pu.edu.in,2024,2,3,65,60,7.4,2,delayed,0.61,no
3907957491,COL-007,MECH,Anjali Deshmukh,anjali.deshmukh2840@tioeat.edu.in,2025,1,1,80,66,7.96,2,paid,0.73,no
2382078969,COL-002,MECH,Nidhi Tiwari,nidhi.tiwari1422@srmist.edu.in,2023,3,6,96,91,8.97,0,paid,0.89,no
7844964972,COL-014,ECE,Pranav Pandey,pranav.pandey3339@dscoe.edu.in,2025,1,2,80,64,7.53,1,paid,0.54,no
1306064652,COL-008,ECE,Shaurya Desai,shaurya.desai4050@ku.edu.in,2025,1,2,78,69,7.52,2,delayed,0.77,no
7373802488,COL-001,ECE,Abhinav Mehta,abhinav.mehta7613@vit.ac.in,2024,2,3,90,80,9.27,0,paid,0.82,no
8876065733,COL-013,EEE,Kiran Mehta,kiran.mehta3580@mriot.edu.in,2025,1,1,66,62,8.41,2,delayed,0.69,no
5957301531,COL-003,EEE,Gaurav Thakur,gaurav.thakur2371@miot.edu.in,2022,4,8,99,96,9.31,0,paid,0.88,no
3039311260,COL-010,ECE,Abhinav Chatterjee,abhinav.chatterjee5024@lpu.edu.in,2022,4,7,83,69,7.42,2,paid,0.63,no
5949423877,COL-013,ECE,Arjun Patel,arjun.patel6589@mriot.edu.in,2024,2,3,73,77,8.13,0,paid,0.57,no
6268336082,COL-015,CIVIL,Sonam Thakur,sonam.thakur2724@djscoe.edu.in,2024,2,4,79,69,7.81,1,delayed,0.58,no
2414502128,COL-010,MECH,Sanjay Patil,sanjay.patil696@lpu.edu.in,2022,4,7,95,84,8.99,0,paid,0.98,no
9164712444,COL-003,ECE,Ritik Reddy,ritik.reddy8292@miot.edu.in,2025,1,2,90,84,9.71,0,paid,0.9,no
7148734031,COL-005,CSE,Krishna Chatterjee,krishna.chatterjee905@rcoe.edu.in,2025,1,1,88,94,8.65,0,paid,0.86,no
3609904855,COL-010,MECH,Ayaan Yadav,ayaan.yadav6329@lpu.edu.in,2025,1,2,70,74,8.16,2,delayed,0.75,no
3908107237,COL-011,MECH,Kavya Desai,kavya.desai3335@mwpu.edu.in,2024,2,3,100,85,8.86,0,paid,0.91,yes
2379553358,COL-013,CSE,Nidhi Sharma,nidhi.sharma6850@mriot.edu.in,2023,3,6,72,64,7.42,0,delayed,0.53,no
8001910042,COL-012,EEE,Yash Mehta,yash.mehta3671@niot.edu.in,2025,1,1,51,40,4.23,2,unpaid,0.11,no
3423847711,COL-009,IT,Manish Gupta,manish.gupta7899@au.edu.in,2022,4,7,92,80,9.44,0,paid,1,yes
9547216323,COL-016,ECE,Yash Desai,yash.desai9798@hiot.edu.in,2024,2,3,82,67,6.71,1,delayed,0.7,no
2388249533,COL-006,CSE,Manish Nair,manish.nair6436@bcoe.edu.in,2023,3,6,44,35,4.89,2,delayed,0.23,no
4200215621,COL-008,CIVIL,Rohan Joshi,rohan.joshi5607@ku.edu.in,2025,1,1,76,60,7.28,1,paid,0.65,no
3324004853,COL-016,EEE,Anjali Patil,anjali.patil3261@hiot.edu.in,2025,1,1,94,100,9.76,0,paid,0.98,no
8494758613,COL-012,IT,Shreya Singh,shreya.singh1483@niot.edu.in,2022,4,7,66,62,6.68,2,delayed,0.69,no
4611338198,COL-004,MECH,Shyam Jain,shyam.jain1627@pu.edu.in,2022,4,8,70,69,7.59,2,paid,0.63,no
7214714064,COL-013,CSE,Shreya Pandey,shreya.pandey3829@mriot.edu.in,2022,4,7,84,68,7.17,0,paid,0.56,no
1345761481,COL-006,ECE,Priya Singh,priya.singh9160@bcoe.edu.in,2024,2,3,100,99,8.92,0,paid,0.8,no
3372732123,COL-007,MECH,Neha Shah,neha.shah8760@tioeat.edu.in,2024,2,4,94,85,8.75,0,paid,0.95,no
1433475207,COL-016,MECH,Priya Verma,priya.verma5177@hiot.edu.in,2023,3,6,45,44,6.39,4,unpaid,0.35,no
1831648045,COL-004,CSE,Akash Chaudhary,akash.chaudhary1247@pu.edu.in,2025,1,1,59,57,6.2,4,unpaid,0.25,no
7089109847,COL-012,IT,Sonam Singh,sonam.singh4472@niot.edu.in,2023,3,6,66,64,8.1,2,delayed,0.56,no
1853267510,COL-016,IT,Shaurya Iyer,shaurya.iyer901@hiot.edu.in,2024,2,3,78,75,8.46,2,paid,0.53,no
6392116710,COL-003,MECH,Aryan Rao,aryan.rao5739@miot.edu.in,2022,4,7,64,51,4.42,1,delayed,0.38,no
4021826009,COL-013,CIVIL,Shreya Shah,shreya.shah1237@mriot.edu.in,2023,3,5,79,61,8.19,2,paid,0.69,no
7241236811,COL-015,CIVIL,Dev Mishra,dev.mishra9833@djscoe.edu.in,2024,2,3,45,57,6.46,2,unpaid,0.4,no
4770906273,COL-014,ECE,Shreya Verma,shreya.verma4614@dscoe.edu.in,2025,1,2,91,82,9.54,0,paid,0.85,yes
8661160053,COL-010,EEE,Krishna Menon,krishna.menon7960@lpu.edu.in,2025,1,2,69,78,8.4,1,paid,0.59,no
3902538064,COL-016,CIVIL,Sai Rao,sai.rao4816@hiot.edu.in,2022,4,8,90,87,8.65,0,paid,0.81,no
9570594896,COL-016,MECH,Shreya Chauhan,shreya.chauhan4536@hiot.edu.in,2025,1,1,68,66,8.13,0,paid,0.58,no
3172489421,COL-016,CIVIL,Vivek Yadav,vivek.yadav7954@hiot.edu.in,2024,2,3,71,66,7.34,0,paid,0.56,no
6524851905,COL-014,MECH,Manish Bose,manish.bose9820@dscoe.edu.in,2025,1,2,80,73,6.66,2,paid,0.66,no
8799923429,COL-016,ECE,Yash Kulkarni,yash.kulkarni1516@hiot.edu.in,2023,3,6,83,61,6.92,0,paid,0.51,no
9128913092,COL-003,CIVIL,Sumit Kulkarni,sumit.kulkarni421@miot.edu.in,2024,2,4,71,71,7.37,0,paid,0.7,no
1402988604,COL-002,CIVIL,Dhruv Sharma,dhruv.sharma6662@srmist.edu.in,2022,4,8,61,43,4.28,2,delayed,0.17,no
3921369066,COL-012,CIVIL,Arjun Jain,arjun.jain2003@niot.edu.in,2022,4,8,67,78,8.35,0,paid,0.54,no
2397805435,COL-015,ECE,Manoj Joshi,manoj.joshi6151@djscoe.edu.in,2025,1,1,77,65,8.1,1,paid,0.51,no
4362090921,COL-007,ECE,Abhinav Sengupta,abhinav.sengupta1575@tioeat.edu.in,2024,2,3,82,64,6.7,0,paid,0.75,no
8726414394,COL-001,CIVIL,Abhishek Chatterjee,abhishek.chatterjee7907@vit.ac.in,2023,3,5,55,39,4.81,2,paid,0.24,no
7643285726,COL-014,IT,Rohan Thakur,rohan.thakur2557@dscoe.edu.in,2023,3,5,65,69,7.36,2,paid,0.56,no
3186959823,COL-003,CSE,Karthik Chauhan,karthik.chauhan6315@miot.edu.in,2024,2,4,89,91,9.51,0,paid,0.84,no
5846493608,COL-012,ECE,Rahul Thakur,rahul.thakur764@niot.edu.in,2023,3,5,65,68,7.95,1,paid,0.61,no
2796378208,COL-015,ECE,Gaurav Menon,gaurav.menon7750@djscoe.edu.in,2025,1,2,96,83,8.55,0,paid,0.98,no
3723954198,COL-015,CIVIL,Prakash Mukherjee,prakash.mukherjee4803@djscoe.edu.in,2024,2,4,68,63,8.35,2,paid,0.75,no
2084414926,COL-009,CIVIL,Kabir Chatterjee,kabir.chatterjee5935@au.edu.in,2025,1,2,81,69,7.08,1,delayed,0.63,no
2745440606,COL-007,IT,Anjali Gupta,anjali.gupta2034@tioeat.edu.in,2023,3,5,87,87,9.1,0,paid,0.89,yes
2800721216,COL-014,CIVIL,Kiran Gupta,kiran.gupta2990@dscoe.edu.in,2025,1,2,68,60,6.97,2,paid,0.63,no
2916237977,COL-007,CSE,Aditi Pandey,aditi.pandey8267@tioeat.edu.in,2025,1,1,66,70,6.84,1,paid,0.56,no
1964517753,COL-002,EEE,Krishna Nair,krishna.nair2061@srmist.edu.in,2023,3,5,71,73,7.18,2,paid,0.7,no
4063897861,COL-006,EEE,Ramesh Rajput,ramesh.rajput6991@bcoe.edu.in,2023,3,5,73,65,6.73,2,paid,0.78,no
2662200180,COL-003,CIVIL,Dev Thakur,dev.thakur5369@miot.edu.in,2024,2,4,43,43,5.26,3,delayed,0.2,no
1742435805,COL-013,IT,Nidhi Banerjee,nidhi.banerjee3390@mriot.edu.in,2022,4,7,76,65,7.1,1,paid,0.7,no
3263428418,COL-016,MECH,Aditi Kumar,aditi.kumar2281@hiot.edu.in,2023,3,6,86,99,9,0,paid,0.91,no
1060906759,COL-014,EEE,Manoj Verma,manoj.verma2727@dscoe.edu.in,2022,4,8,58,57,4.65,4,delayed,0.24,no
3270122220,COL-005,CSE,Akash Desai,akash.desai9942@rcoe.edu.in,2025,1,1,94,94,8.72,0,paid,0.82,no
8437335745,COL-003,ECE,Vivaan Kulkarni,vivaan.kulkarni1952@miot.edu.in,2022,4,7,53,54,5.49,1,unpaid,0.14,no
7017612199,COL-009,EEE,Karthik Yadav,karthik.yadav7778@au.edu.in,2024,2,4,77,74,8.26,2,paid,0.78,no
5094217826,COL-013,MECH,Mukesh Joshi,mukesh.joshi3287@mriot.edu.in,2025,1,1,48,35,5.08,2,paid,0.1,no
4366067943,COL-016,IT,Vivaan Nair,vivaan.nair6530@hiot.edu.in,2023,3,6,68,75,8.36,2,paid,0.6,no
6890509195,COL-010,IT,Aditya Rajput,aditya.rajput4601@lpu.edu.in,2024,2,4,69,63,6.81,1,paid,0.76,no
6458915647,COL-001,EEE,Khushi Rao,khushi.rao1519@vit.ac.in,2024,2,4,84,70,6.69,1,paid,0.64,no
2364645031,COL-014,EEE,Khushi Deshmukh,khushi.deshmukh9481@dscoe.edu.in,2022,4,7,56,52,5.95,2,unpaid,0.34,no
2525102091,COL-002,CIVIL,Vivek Das,vivek.das9507@srmist.edu.in,2022,4,7,44,40,5.29,4,delayed,0.45,no
3321212649,COL-015,ECE,Shyam Menon,shyam.menon751@djscoe.edu.in,2025,1,2,85,84,9.25,0,paid,0.82,no
4360136011,COL-004,ECE,Raj Tiwari,raj.tiwari5150@pu.edu.in,2023,3,6,97,87,9.32,0,paid,0.91,no
6401355643,COL-014,EEE,Pooja Verma,pooja.verma1653@dscoe.edu.in,2022,4,8,87,95,8.86,0,paid,0.9,no
7923743081,COL-012,CSE,Arjun Sengupta,arjun.sengupta173@niot.edu.in,2022,4,7,51,45,5.91,2,delayed,0.42,no
1604852937,COL-006,CIVIL,Riya Sengupta,riya.sengupta3010@bcoe.edu.in,2025,1,2,74,70,6.58,0,delayed,0.78,no
9763132986,COL-011,IT,Vikas Das,vikas.das5208@mwpu.edu.in,2023,3,5,96,91,9.5,0,paid,0.85,yes
1456964731,COL-001,CIVIL,Manoj Kulkarni,manoj.kulkarni4955@vit.ac.in,2022,4,7,68,75,7.79,1,paid,0.63,no
2856383623,COL-010,ECE,Vikas Chatterjee,vikas.chatterjee4499@lpu.edu.in,2025,1,2,71,69,7.58,0,paid,0.65,no
8447890205,COL-013,CIVIL,Vihaan Singh,vihaan.singh6240@mriot.edu.in,2024,2,4,89,86,9.31,0,paid,0.95,no
3948933304,COL-012,IT,Pranav Shah,pranav.shah8985@niot.edu.in,2023,3,6,83,77,7.31,1,delayed,0.53,no
9047853386,COL-008,MECH,Vivaan Shah,vivaan.shah2533@ku.edu.in,2025,1,2,89,98,9.65,0,paid,0.99,no
1413711900,COL-006,EEE,Vijay Rajput,vijay.rajput6445@bcoe.edu.in,2022,4,8,44,53,6.29,2,unpaid,0.33,no
1242292478,COL-004,CIVIL,Ritik Patel,ritik.patel2768@pu.edu.in,2023,3,6,69,61,7.51,0,delayed,0.53,no
5146849214,COL-005,CSE,Sonia Iyer,sonia.iyer2653@rcoe.edu.in,2023,3,6,74,70,6.53,2,delayed,0.68,no
8554174145,COL-011,EEE,Atharva Sharma,atharva.sharma4463@mwpu.edu.in,2024,2,4,54,47,6.42,3,delayed,0.11,no
4891260909,COL-012,MECH,Ananya Mukherjee,ananya.mukherjee1116@niot.edu.in,2024,2,3,58,58,4.59,2,delayed,0.21,no
8555941326,COL-005,EEE,Dhruv Iyer,dhruv.iyer7405@rcoe.edu.in,2025,1,2,97,100,9.05,0,paid,0.86,no
4162302623,COL-003,ECE,Ritik Mehta,ritik.mehta4637@miot.edu.in,2025,1,2,60,49,6.2,3,paid,0.21,no
2071853322,COL-012,ECE,Krishna Patil,krishna.patil8640@niot.edu.in,2024,2,4,77,79,8.43,1,paid,0.62,no
2509023904,COL-006,IT,Suresh Nair,suresh.nair3595@bcoe.edu.in,2025,1,1,87,100,9.15,0,paid,0.82,yes
5589291448,COL-007,CIVIL,Aryan Yadav,aryan.yadav165@tioeat.edu.in,2023,3,5,95,85,9.45,0,paid,0.99,no
5086772278,COL-009,EEE,Karthik Menon,karthik.menon8328@au.edu.in,2024,2,3,72,64,8.11,2,delayed,0.51,no
8209423987,COL-011,CSE,Swati Sharma,swati.sharma8766@mwpu.edu.in,2024,2,4,97,85,9.76,0,paid,0.95,no
6621743473,COL-013,MECH,Sonia Patel,sonia.patel5015@mriot.edu.in,2024,2,4,89,89,9.03,0,paid,0.89,no
5592517399,COL-014,CIVIL,Aarav Yadav,aarav.yadav592@dscoe.edu.in,2023,3,6,82,74,6.56,2,paid,0.74,no
3354051461,COL-015,CIVIL,Rahul Kumar,rahul.kumar1702@djscoe.edu.in,2022,4,7,74,63,6.51,2,paid,0.55,no
5324978738,COL-003,MECH,Sai Menon,sai.menon5980@miot.edu.in,2023,3,5,58,45,4.54,1,paid,0.15,no
4674412395,COL-010,IT,Suresh Bose,suresh.bose1397@lpu.edu.in,2025,1,2,67,75,8.33,2,paid,0.56,no
1653560585,COL-016,IT,Manoj Rajput,manoj.rajput3313@hiot.edu.in,2025,1,2,78,66,7.25,1,paid,0.52,no
8068957971,COL-013,MECH,Shyam Rao,shyam.rao5496@mriot.edu.in,2022,4,7,94,90,8.58,0,paid,0.9,no
5824689383,COL-006,ECE,Shruti Chauhan,shruti.chauhan7720@bcoe.edu.in,2023,3,5,80,64,6.81,1,delayed,0.73,no
6164969664,COL-003,CSE,Vivaan Chauhan,vivaan.chauhan825@miot.edu.in,2023,3,6,89,90,9.04,0,paid,1,no
1310400784,COL-004,CSE,Khushi Chauhan,khushi.chauhan4976@pu.edu.in,2025,1,1,92,100,9.59,0,paid,0.86,no
8348478492,COL-015,MECH,Shaurya Patel,shaurya.patel9403@djscoe.edu.in,2024,2,4,98,89,9.66,0,paid,0.9,no
9845685901,COL-016,MECH,Atharva Verma,atharva.verma5498@hiot.edu.in,2024,2,3,73,68,8.14,0,paid,0.5,no
2416365369,COL-011,IT,Nidhi Patil,nidhi.patil9757@mwpu.edu.in,2022,4,8,69,64,8.4,0,paid,0.57,no
3336012490,COL-006,ECE,Raj Sengupta,raj.sengupta2679@bcoe.edu.in,2022,4,7,95,91,9.14,0,paid,0.88,yes
8451621477,COL-012,EEE,Akash Verma,akash.verma3301@niot.edu.in,2023,3,6,71,76,7.88,2,paid,0.51,no
7147019605,COL-008,ECE,Vikas Reddy,vikas.reddy4862@ku.edu.in,2025,1,2,76,78,7.45,0,paid,0.71,no
6437404193,COL-003,IT,Karthik Mukherjee,karthik.mukherjee4939@miot.edu.in,2025,1,2,87,100,9.09,0,paid,0.83,no
6759604845,COL-001,CIVIL,Karthik Gupta,karthik.gupta4417@vit.ac.in,2024,2,4,67,65,7.17,1,paid,0.69,no
4865198700,COL-008,ECE,Prakash Singh,prakash.singh7886@ku.edu.in,2023,3,6,76,66,7.54,1,paid,0.76,no
8047166581,COL-004,MECH,Suresh Desai,suresh.desai4147@pu.edu.in,2024,2,3,89,94,9.41,0,paid,0.8,no
8288984656,COL-003,IT,Rohan Banerjee,rohan.banerjee9686@miot.edu.in,2022,4,7,76,76,7.38,0,delayed,0.69,no
4761681461,COL-012,MECH,Sonam Mehta,sonam.mehta9605@niot.edu.in,2025,1,1,97,90,9.63,0,paid,0.84,yes
3634764237,COL-012,MECH,Ananya Jain,ananya.jain6794@niot.edu.in,2023,3,5,67,61,6.61,2,delayed,0.6,no
4019317518,COL-003,ECE,Ananya Mishra,ananya.mishra2419@miot.edu.in,2025,1,2,72,64,7.75,2,paid,0.63,no
2770978056,COL-011,EEE,Shruti Gupta,shruti.gupta2637@mwpu.edu.in,2022,4,8,77,61,7.79,0,paid,0.57,no
3454470089,COL-008,MECH,Khushi Nair,khushi.nair1631@ku.edu.in,2025,1,1,87,92,9.3,0,paid,1,no
6995340760,COL-004,MECH,Ramesh Iyer,ramesh.iyer2865@pu.edu.in,2025,1,2,100,90,9.2,0,paid,0.81,yes
6379618233,COL-013,MECH,Vivek Menon,vivek.menon7177@mriot.edu.in,2023,3,6,98,82,8.64,0,paid,0.98,no
1470558315,COL-012,MECH,Ishaan Mishra,ishaan.mishra8305@niot.edu.in,2022,4,8,86,85,9.35,0,paid,0.94,no
3324404732,COL-012,IT,Priya Sengupta,priya.sengupta9030@niot.edu.in,2022,4,7,45,50,5.45,4,unpaid,0.13,no
6949275600,COL-006,IT,Shruti Reddy,shruti.reddy8802@bcoe.edu.in,2022,4,8,55,59,5.15,1,delayed,0.15,no
2527215712,COL-002,EEE,Sumit Desai,sumit.desai2583@srmist.edu.in,2023,3,6,45,47,6.43,2,paid,0.17,no
1265479419,COL-016,MECH,Krishna Jain,krishna.jain8674@hiot.edu.in,2022,4,8,89,99,8.8,0,paid,0.85,no
111,string,string,string,user@example.com,2012,1,1,100,100.0,10.0,50,paid,1.0,no
1,string,string,string,user@example.com,2011,1,1,100,100.0,10.0,1,paid,1.0,no
